<?xml version="1.0" encoding="UTF-8"?><metadata>
    <idinfo>
        <citation>
            <citeinfo>
                <title>Healthy Places Index 3.0 (LA County only)</title>
                <geoform>vector digital data</geoform>
            </citeinfo>
        </citation>
        <descript>
            <abstract>The California Healthy Places Index 3.0 data file was acquired on 04/25/22 from the Public Health Institute on behalf of the Public Health Alliance of Southern California.According to the Public Health Institute, &amp;quot;The HPI tool evaluates the relationship between 23 identified key drivers of health and life expectancy at birth -- which can vary dramatically by neighborhood.  Based on that analysis, it produces a score ranking from 1 to 99 that shows the relative impact of conditions in a selected area compared to all other such places in the state.&amp;quot;  The HPI score is divided across four quartiles.  (The Enhanced HPI 3.0: Advancing Health Equity Through High-Quality Data)Potential indicators assigned to eight policy action areas (domains):EconomicsEducationHealthcare accessHousingNeighborhood ConditionsClean EnvironmentSocial EnvironmentTransportationAn HPI score, domains, and individual indicator values and their percentile rankings are presented in the table.For more information, visit the California Healthy Places Index website at https://www.healthyplacesindex.org/ProcessConverted the XLSX file received from the Public Health Institute to a file geodatabase table.  Filtered the statewide data to Los Angeles County only. The filtered dataset retains the original default HPI score rank, which is based on conditions across statewide census tracts.  Edited field alias names for readability.  Joined table to CENSUS_TRACTS_2010 from the Los Angeles County eGIS Data Repository.  Exported to new file geodatabase feature class.</abstract>
            <purpose>Los Angeles County 2010 census tracts with associated California Healthy Places Index (HPI) 3.0 data.</purpose>
        </descript>
        <spdom>
            <bounding>
                <westbc>-118.953520</westbc>
                <eastbc>-117.644097</eastbc>
                <northbc>34.823531</northbc>
                <southbc>32.792286</southbc>
            </bounding>
        </spdom>
        <keywords>
            <theme>
                <themekt>None</themekt>
                <themekey>Healthy Places Index</themekey>
                <themekey>HPI</themekey>
                <themekey>3.0</themekey>
                <themekey>Public Health Alliance</themekey>
                <themekey>Census Tract</themekey>
                <themekey>Health</themekey>
            </theme>
        </keywords>
        <accconst>None</accconst>
        <useconst>The data herein is for informational purposes, and may not have been prepared for or be suitable for legal, engineering, or surveying intents. The County of Los Angeles reserves the right to change, restrict or discontinue access at any time. All users of the maps and data presented on https://lacounty.maps.arcgis.com or deriving from any LA County REST URLs, agree to the following Terms of Use as outlined on the County of LA Enterprise GIS (eGIS) Hub (https://egis-lacounty.hub.arcgis.com/pages/terms-of-use).</useconst>
        <datacred>Los Angeles County Department of Public Health;
Source Data:  Public Health Alliance of Southern California; Public Health Institute; US Census Bureau; Los Angeles County Internal Services Department</datacred>
        <native>Esri ArcGIS 12.9.2.32739</native>
    </idinfo>
    <spdoinfo>
        <direct>Vector</direct>
        <ptvctinf>
            <sdtsterm>
                <sdtstype>GT-polygon composed of chains</sdtstype>
                <ptvctcnt>0</ptvctcnt>
            </sdtsterm>
        </ptvctinf>
    </spdoinfo>
    <eainfo>
        <detailed>
            <enttyp>
                <enttypl>TRACT10.shp</enttypl>
                <enttypd>2010 Census Census Tract County-based</enttypd>
                <enttypds>U.S. Census Bureau</enttypds>
            </enttyp>
            <attr>
                <attrlabl>OBJECTID_1</attrlabl>
                <attrdef>Internal feature number.</attrdef>
                <attrdefs>Esri</attrdefs>
                <attrdomv>
                                        
                    <udom>Sequential unique whole numbers that are automatically generated.</udom>
                                    
                </attrdomv>
            </attr>
            <attr>
                <attrlabl>OBJECTID</attrlabl>
                <attrdef>Internal feature number.</attrdef>
                <attrdefs>ESRI</attrdefs>
                <attrdomv>
                                        
                    <udom>Sequential unique whole numbers that are automatically generated.</udom>
                                    
                </attrdomv>
            </attr>
            <attr>
                <attrlabl>Shape</attrlabl>
                <attrdef>Feature geometry.</attrdef>
                <attrdefs>ESRI</attrdefs>
                <attrdomv>
                                        
                    <udom>Coordinates defining the features.</udom>
                                    
                </attrdomv>
            </attr>
            <attr>
                <attrlabl>GEOID10</attrlabl>
                <attrdef>Census tract identifier; a concatenation of 2010 Census state
                 FIPS code, county FIPS code, and census tract code</attrdef>
                <attrdefs>U.S. Census Bureau</attrdefs>
                <attrdomv>
                                        
                    <codesetd>
                                                
                        <codesetn>INCITS.38-200x (R2004), Codes for the Identification of
                      the States, the District of Columbia, Puerto Rico, and the
                      Insular Areas of the United States (Formerly FIPS 5-2),
                      INCITS.31-200x (R2007), Codes for the Identification of
                      the Counties and Equivalent Areas of the United States,
                      Puerto Rico, and the Insular Areas of the United States
                      (Formerly FIPS 6-4), and the census tract code found in
                      TRACTCE10</codesetn>
                                                
                        <codesets>U.S. Census Bureau</codesets>
                                            
                    </codesetd>
                                    
                </attrdomv>
            </attr>
            <attr>
                <attrlabl>CT10</attrlabl>
            </attr>
            <attr>
                <attrlabl>X_Center</attrlabl>
            </attr>
            <attr>
                <attrlabl>Y_Center</attrlabl>
            </attr>
            <attr>
                <attrlabl>LABEL</attrlabl>
            </attr>
            <attr>
                <attrlabl>GEO_ID</attrlabl>
            </attr>
            <attr>
                <attrlabl>Tract_2010</attrlabl>
            </attr>
            <attr>
                <attrlabl>Tract_Label</attrlabl>
            </attr>
            <attr>
                <attrlabl>NAME</attrlabl>
            </attr>
            <attr>
                <attrlabl>county</attrlabl>
            </attr>
            <attr>
                <attrlabl>pop</attrlabl>
            </attr>
            <attr>
                <attrlabl>pctgqtract</attrlabl>
            </attr>
            <attr>
                <attrlabl>UrbanType</attrlabl>
            </attr>
            <attr>
                <attrlabl>LEB</attrlabl>
            </attr>
            <attr>
                <attrlabl>LEB_pctile</attrlabl>
            </attr>
            <attr>
                <attrlabl>hpi</attrlabl>
            </attr>
            <attr>
                <attrlabl>hpi_pctile</attrlabl>
            </attr>
            <attr>
                <attrlabl>hpi_quartile</attrlabl>
            </attr>
            <attr>
                <attrlabl>hpi_least_healthy_25pct</attrlabl>
            </attr>
            <attr>
                <attrlabl>economic</attrlabl>
            </attr>
            <attr>
                <attrlabl>economic_pctile</attrlabl>
            </attr>
            <attr>
                <attrlabl>education</attrlabl>
            </attr>
            <attr>
                <attrlabl>education_pctile</attrlabl>
            </attr>
            <attr>
                <attrlabl>insurance</attrlabl>
            </attr>
            <attr>
                <attrlabl>insurance_pctile</attrlabl>
            </attr>
            <attr>
                <attrlabl>clean_enviro</attrlabl>
            </attr>
            <attr>
                <attrlabl>clean_enviro_pctile</attrlabl>
            </attr>
            <attr>
                <attrlabl>housing</attrlabl>
            </attr>
            <attr>
                <attrlabl>housing_pctile</attrlabl>
            </attr>
            <attr>
                <attrlabl>neighborhood</attrlabl>
            </attr>
            <attr>
                <attrlabl>neighborhood_pctile</attrlabl>
            </attr>
            <attr>
                <attrlabl>social</attrlabl>
            </attr>
            <attr>
                <attrlabl>social_pctile</attrlabl>
            </attr>
            <attr>
                <attrlabl>transportation</attrlabl>
            </attr>
            <attr>
                <attrlabl>transportation_pctile</attrlabl>
            </attr>
            <attr>
                <attrlabl>abovepoverty</attrlabl>
            </attr>
            <attr>
                <attrlabl>abovepoverty_pctile</attrlabl>
            </attr>
            <attr>
                <attrlabl>automobile</attrlabl>
            </attr>
            <attr>
                <attrlabl>automobile_pctile</attrlabl>
            </attr>
            <attr>
                <attrlabl>bachelorsed</attrlabl>
            </attr>
            <attr>
                <attrlabl>bachelorsed_pctile</attrlabl>
            </attr>
            <attr>
                <attrlabl>censusresponse</attrlabl>
            </attr>
            <attr>
                <attrlabl>censusresponse_pctile</attrlabl>
            </attr>
            <attr>
                <attrlabl>commute</attrlabl>
            </attr>
            <attr>
                <attrlabl>commute_pctile</attrlabl>
            </attr>
            <attr>
                <attrlabl>dieselpm</attrlabl>
            </attr>
            <attr>
                <attrlabl>dieselpm_pctile</attrlabl>
            </attr>
            <attr>
                <attrlabl>employed</attrlabl>
            </attr>
            <attr>
                <attrlabl>employed_pctile</attrlabl>
            </attr>
            <attr>
                <attrlabl>h20contam</attrlabl>
            </attr>
            <attr>
                <attrlabl>h20contam_pctile</attrlabl>
            </attr>
            <attr>
                <attrlabl>homeownership</attrlabl>
            </attr>
            <attr>
                <attrlabl>homeownership_pctile</attrlabl>
            </attr>
            <attr>
                <attrlabl>houserepair</attrlabl>
            </attr>
            <attr>
                <attrlabl>houserepair_pctile</attrlabl>
            </attr>
            <attr>
                <attrlabl>inhighschool</attrlabl>
            </attr>
            <attr>
                <attrlabl>inhighschool_pctile</attrlabl>
            </attr>
            <attr>
                <attrlabl>inpreschool</attrlabl>
            </attr>
            <attr>
                <attrlabl>inpreschool_pctile</attrlabl>
            </attr>
            <attr>
                <attrlabl>insured</attrlabl>
            </attr>
            <attr>
                <attrlabl>insured_pctile</attrlabl>
            </attr>
            <attr>
                <attrlabl>ownsevere</attrlabl>
            </attr>
            <attr>
                <attrlabl>ownsevere_pctile</attrlabl>
            </attr>
            <attr>
                <attrlabl>ozone</attrlabl>
            </attr>
            <attr>
                <attrlabl>ozone_pctile</attrlabl>
            </attr>
            <attr>
                <attrlabl>parkaccess</attrlabl>
            </attr>
            <attr>
                <attrlabl>parkaccess_pctile</attrlabl>
            </attr>
            <attr>
                <attrlabl>percapitaincome</attrlabl>
            </attr>
            <attr>
                <attrlabl>percapitaincome_pctile</attrlabl>
            </attr>
            <attr>
                <attrlabl>pm25</attrlabl>
            </attr>
            <attr>
                <attrlabl>pm25_pctile</attrlabl>
            </attr>
            <attr>
                <attrlabl>rentsevere</attrlabl>
            </attr>
            <attr>
                <attrlabl>rentsevere_pctile</attrlabl>
            </attr>
            <attr>
                <attrlabl>retail</attrlabl>
            </attr>
            <attr>
                <attrlabl>retail_pctile</attrlabl>
            </attr>
            <attr>
                <attrlabl>treecanopy</attrlabl>
            </attr>
            <attr>
                <attrlabl>treecanopy_pctile</attrlabl>
            </attr>
            <attr>
                <attrlabl>uncrowded</attrlabl>
            </attr>
            <attr>
                <attrlabl>uncrowded_pctile</attrlabl>
            </attr>
            <attr>
                <attrlabl>voting</attrlabl>
            </attr>
            <attr>
                <attrlabl>voting_pctile</attrlabl>
            </attr>
            <attr>
                <attrlabl>latino_pct</attrlabl>
            </attr>
            <attr>
                <attrlabl>white_pct</attrlabl>
            </attr>
            <attr>
                <attrlabl>black_pct</attrlabl>
            </attr>
            <attr>
                <attrlabl>asian_pct</attrlabl>
            </attr>
            <attr>
                <attrlabl>multiple_pct</attrlabl>
            </attr>
            <attr>
                <attrlabl>NativeAm_pct</attrlabl>
            </attr>
            <attr>
                <attrlabl>PacificIsl_pct</attrlabl>
            </attr>
            <attr>
                <attrlabl>other_pct</attrlabl>
            </attr>
            <attr>
                <attrlabl>version</attrlabl>
            </attr>
            <attr>
                <attrlabl>notes</attrlabl>
            </attr>
            <attr>
                <attrlabl>Shape_Length</attrlabl>
                <attrdef>Length of feature in internal units.</attrdef>
                <attrdefs>Esri</attrdefs>
                <attrdomv>
                                        
                    <udom>Positive real numbers that are automatically generated.</udom>
                                    
                </attrdomv>
            </attr>
            <attr>
                <attrlabl>Shape_Area</attrlabl>
                <attrdef>Area of feature in internal units squared.</attrdef>
                <attrdefs>Esri</attrdefs>
                <attrdomv>
                                        
                    <udom>Positive real numbers that are automatically generated.</udom>
                                    
                </attrdomv>
            </attr>
        </detailed>
    </eainfo>
    <metainfo>
        <metd>20220930</metd>
        <metstdn>FGDC Content Standard for Digital Geospatial Metadata</metstdn>
        <metstdv>FGDC-STD-001-1998</metstdv>
        <mettc>local time</mettc>
    </metainfo>
</metadata>
